County,Sales,avg_sales_by_month
Somerset,1000,83.33333333333333
Wiltshire,2000,166.66666666666666
Devon,3000,250
